"HGNC ID (gene)","Approved symbol","Approved name","Previous symbols","Aliases","Chromosome","Group"
"HGNC:102","CNNM1","cyclin and CBS domain divalent metal cation transport mediator 1","ACDP1","SLC70A1","10q24.2","Cyclin and CBS domain divalent metal cation transport mediators"
"HGNC:103","CNNM2","cyclin and CBS domain divalent metal cation transport mediator 2","ACDP2","SLC70A2","10q24.32","Cyclin and CBS domain divalent metal cation transport mediators"
"HGNC:104","CNNM3","cyclin and CBS domain divalent metal cation transport mediator 3","ACDP3","SLC70A3","2q11.2","Cyclin and CBS domain divalent metal cation transport mediators"
"HGNC:105","CNNM4","cyclin and CBS domain divalent metal cation transport mediator 4","ACDP4","SLC70A4,KIAA1592","2q11.2","Cyclin and CBS domain divalent metal cation transport mediators"
"HGNC:10939","SLC1A1","solute carrier family 1 member 1","","EAAC1,EAAT3,hEAAC1","9p24.2","Solute carrier family 1"
"HGNC:10940","SLC1A2","solute carrier family 1 member 2","","GLT-1,GLT1,EAAT2,HBGT","11p13","Solute carrier family 1"
"HGNC:10941","SLC1A3","solute carrier family 1 member 3","","EAAT1,GLAST,EA6,GLAST1,GLAST-1","5p13.2","Solute carrier family 1"
"HGNC:10942","SLC1A4","solute carrier family 1 member 4","","SATT,ASCT1,ASCT-1","2p14","Solute carrier family 1"
"HGNC:10943","SLC1A5","solute carrier family 1 member 5","RDRC,M7V1","AAAT,ASCT2","19q13.32","Solute carrier family 1"
"HGNC:10944","SLC1A6","solute carrier family 1 member 6","","EAAT4","19p13.12","Solute carrier family 1"
"HGNC:10945","SLC1A7","solute carrier family 1 member 7","","EAAT5","1p32.3","Solute carrier family 1"
"HGNC:11005","SLC2A1","solute carrier family 2 member 1","GLUT1,GLUT,HTLVR,CSE","DYT18,DYT9,GLUT-1","1p34.2","Solute carrier family 2"
"HGNC:11006","SLC2A2","solute carrier family 2 member 2","GLUT2","GLUT-2","3q26.2","Solute carrier family 2"
"HGNC:11007","SLC2A3","solute carrier family 2 member 3","GLUT3","","12p13.31","Solute carrier family 2"
"HGNC:11009","SLC2A4","solute carrier family 2 member 4","GLUT4","","17p13.1","Solute carrier family 2"
"HGNC:11010","SLC2A5","solute carrier family 2 member 5","GLUT5","","1p36.23","Solute carrier family 2"
"HGNC:11011","SLC2A6","solute carrier family 2 member 6","","GLUT9,GLUT6,HSA011372","9q34.2","Solute carrier family 2"
"HGNC:13445","SLC2A7","solute carrier family 2 member 7","","GLUT7","1p36.23","Solute carrier family 2"
"HGNC:13812","SLC2A8","solute carrier family 2 member 8","","GLUTX1,GLUT8","9q33.3","Solute carrier family 2"
"HGNC:13446","SLC2A9","solute carrier family 2 member 9","","Glut9,GLUTX,URATv1","4p16.1","Solute carrier family 2"
"HGNC:13444","SLC2A10","solute carrier family 2 member 10","","GLUT10,GLUT-10","20q13.12","Solute carrier family 2"
"HGNC:14239","SLC2A11","solute carrier family 2 member 11","","GLUT11","22q11.23","Solute carrier family 2"
"HGNC:18067","SLC2A12","solute carrier family 2 member 12","","GLUT12,GLUT8","6q23.2","Solute carrier family 2"
"HGNC:15956","SLC2A13","solute carrier family 2 member 13","","HMIT","12q12","Solute carrier family 2"
"HGNC:18301","SLC2A14","solute carrier family 2 member 14","SLC2A3P3","GLUT14","12p13.31","Solute carrier family 2"
"HGNC:11025","SLC3A1","solute carrier family 3 member 1","","CSNU1,D2H,RBAT,ATR1,NBAT","2p21","Solute carrier family 3"
"HGNC:11026","SLC3A2","solute carrier family 3 member 2","MDU1","4T2HC,4F2,NACAE,CD98,CD98HC,4F2HC","11q12.3","Solute carrier family 3"
"HGNC:11027","SLC4A1","solute carrier family 4 member 1 (Diego blood group)","EPB3,AE1,DI,WD","RTA1A,CD233,FR,SW,WR,EMPB3","17q21.31","Solute carrier family 4"
"HGNC:11028","SLC4A2","solute carrier family 4 member 2","EPB3L1,AE2","HKB3,BND3L,NBND3","7q36.1","Solute carrier family 4"
"HGNC:11029","SLC4A3","solute carrier family 4 member 3","","AE3,SLC2C","2q35","Solute carrier family 4"
"HGNC:11030","SLC4A4","solute carrier family 4 member 4","SLC4A5","NBC1,HNBC1,NBC2,pNBC,hhNMC,kNBC1,KNBC,NBCe1","4q13.3","Solute carrier family 4"
"HGNC:18168","SLC4A5","solute carrier family 4 member 5","","NBC4","2p13.1","Solute carrier family 4"
"HGNC:11033","SLC4A7","solute carrier family 4 member 7","SLC4A6","NBC3,SBC2","3p24.1","Solute carrier family 4"
"HGNC:11034","SLC4A8","solute carrier family 4 member 8","","NBC3","12q13.13","Solute carrier family 4"
"HGNC:11035","SLC4A9","solute carrier family 4 member 9","","AE4","5q31.3","Solute carrier family 4"
"HGNC:13811","SLC4A10","solute carrier family 4 member 10","","NBCn2,NCBE","2q24.2","Solute carrier family 4"
"HGNC:16438","SLC4A11","solute carrier family 4 member 11","CHED2,CDPD1","dJ794I6.2,BTR1,NaBC1,FECD4","20p13","Solute carrier family 4"
"HGNC:11036","SLC5A1","solute carrier family 5 member 1","SGLT1","D22S675,NAGT,SGLT-1","22q12.3","Solute carrier family 5"
"HGNC:11037","SLC5A2","solute carrier family 5 member 2","SGLT2","","16p11.2","Solute carrier family 5"
"HGNC:11038","SLC5A3","solute carrier family 5 member 3","","SMIT,SMIT1","21q22.11","Solute carrier family 5"
"HGNC:11039","SLC5A4","solute carrier family 5 member 4","","SAAT1,SGLT3,DJ90G24.4","22q12.3","Solute carrier family 5"
"HGNC:11040","SLC5A5","solute carrier family 5 member 5","","NIS","19p13.11","Solute carrier family 5"
"HGNC:11041","SLC5A6","solute carrier family 5 member 6","","SMVT","2p23.3","Solute carrier family 5"
"HGNC:14025","SLC5A7","solute carrier family 5 member 7","","hCHT,CHT1,ChT","2q12.3","Solute carrier family 5"
"HGNC:19119","SLC5A8","solute carrier family 5 member 8","","AIT","12q23.1-q23.2","Solute carrier family 5"
"HGNC:22146","SLC5A9","solute carrier family 5 member 9","","SGLT4","1p33","Solute carrier family 5"
"HGNC:23155","SLC5A10","solute carrier family 5 member 10","","SGLT5","17p11.2","Solute carrier family 5"
"HGNC:23091","SLC5A11","solute carrier family 5 member 11","","KST1,SMIT2,SGLT6","16p12.1","Solute carrier family 5"
"HGNC:28750","SLC5A12","solute carrier family 5 member 12","","MGC52019,SMCT2","11p14.2","Solute carrier family 5"
"HGNC:11042","SLC6A1","solute carrier family 6 member 1","","GAT1,GABATR,GABATHG,GAT-1,hGAT-1","3p25.3","Solute carrier family 6"
"HGNC:11048","SLC6A2","solute carrier family 6 member 2","NET1,NAT1,SLC6A5","NET","16q12.2","Solute carrier family 6"
"HGNC:11049","SLC6A3","solute carrier family 6 member 3","DAT1","DAT","5p15.33","Solute carrier family 6"
"HGNC:11050","SLC6A4","solute carrier family 6 member 4","HTT,OCD1","5-HTT,SERT1","17q11.2","Solute carrier family 6"
"HGNC:11051","SLC6A5","solute carrier family 6 member 5","NET1","GLYT2,GlyT-2","11p15.1","Solute carrier family 6"
"HGNC:11052","SLC6A6","solute carrier family 6 member 6","","TAUT","3p25.1","Solute carrier family 6"
"HGNC:11054","SLC6A7","solute carrier family 6 member 7","","PROT","5q32","Solute carrier family 6"
"HGNC:11055","SLC6A8","solute carrier family 6 member 8","","CRTR,CT1,CRT,CRT-1,CRT1","Xq28","Solute carrier family 6"
"HGNC:11056","SLC6A9","solute carrier family 6 member 9","","GLYT1,GlyT-1","1p34.1","Solute carrier family 6"
"HGNC:11043","SLC6A10P","solute carrier family 6 member 10, pseudogene","SLC6A10","CT-2","16p11.2","Solute carrier family 6"
"HGNC:11044","SLC6A11","solute carrier family 6 member 11","","GAT3","3p25.3","Solute carrier family 6"
"HGNC:11045","SLC6A12","solute carrier family 6 member 12","","BGT-1","12p13.33","Solute carrier family 6"
"HGNC:11046","SLC6A13","solute carrier family 6 member 13","","GAT2","12p13.33","Solute carrier family 6"
"HGNC:11047","SLC6A14","solute carrier family 6 member 14","","","Xq23","Solute carrier family 6"
"HGNC:13621","SLC6A15","solute carrier family 6 member 15","","hv7-3,NTT73,FLJ10316,V7-3,SBAT1","12q21.31","Solute carrier family 6"
"HGNC:13622","SLC6A16","solute carrier family 6 member 16","","NTT5","19q13.33","Solute carrier family 6"
"HGNC:31399","SLC6A17","solute carrier family 6 member 17","","NTT4","1p13.3","Solute carrier family 6"
"HGNC:26441","SLC6A18","solute carrier family 6 member 18","","FLJ31236,Xtrp2","5p15.33","Solute carrier family 6"
"HGNC:27960","SLC6A19","solute carrier family 6 member 19","","B0AT1","5p15.33","Solute carrier family 6"
"HGNC:30927","SLC6A20","solute carrier family 6 member 20","","XT3,Xtrp3,SIT1,IMINO","3p21.31","Solute carrier family 6"
"HGNC:31400","SLC6A21P","solute carrier family 6 member 21, pseudogene","SLC6A21","","19q13.33","Solute carrier family 6"
"HGNC:11057","SLC7A1","solute carrier family 7 member 1","ERR,ATRC1","CAT-1,HCAT1,REC1L","13q12.3","Solute carrier family 7"
"HGNC:11060","SLC7A2","solute carrier family 7 member 2","ATRC2","CAT-2,HCAT2,SLC7A2A,SLC7A2B,CAT-2A,CAT-2B","8p22","Solute carrier family 7"
"HGNC:11061","SLC7A3","solute carrier family 7 member 3","","CAT-3,ATRC3,FLJ14541","Xq13.1","Solute carrier family 7"
"HGNC:11062","SLC7A4","solute carrier family 7 member 4","","HCAT3,CAT-4","22q11.21","Solute carrier family 7"
"HGNC:11063","SLC7A5","solute carrier family 7 member 5","","LAT1,E16,D16S469E,MPE16,CD98","16q24.2","Solute carrier family 7"
"HGNC:11064","SLC7A6","solute carrier family 7 member 6","","y+LAT-2,KIAA0245,LAT3,LAT-2","16q22.1","Solute carrier family 7"
"HGNC:11065","SLC7A7","solute carrier family 7 member 7","LPI","y+LAT-1,Y+LAT1","14q11.2","Solute carrier family 7"
"HGNC:11066","SLC7A8","solute carrier family 7 member 8","","LPI-PC1,LAT2","14q11.2","Solute carrier family 7"
"HGNC:11067","SLC7A9","solute carrier family 7 member 9","CSNU3","BAT1","19q13.11","Solute carrier family 7"
"HGNC:11058","SLC7A10","solute carrier family 7 member 10","","asc-1","19q13.11","Solute carrier family 7"
"HGNC:11059","SLC7A11","solute carrier family 7 member 11","","xCT","4q28.3","Solute carrier family 7"
"HGNC:23092","SLC7A13","solute carrier family 7 member 13","","AGT-1,XAT2","8q21.3","Solute carrier family 7"
"HGNC:29326","SLC7A14","solute carrier family 7 member 14","","KIAA1613,PPP1R142","3q26.2","Solute carrier family 7"
"HGNC:32724","SLC7A15P","solute carrier family 7 member 15, pseudogene","","","2p24.1","Solute carrier family 7"
"HGNC:11068","SLC8A1","solute carrier family 8 member A1","NCX1","","2p22.1","Solute carrier family 8"
"HGNC:11069","SLC8A2","solute carrier family 8 member A2","","NCX2,KIAA1087","19q13.32","Solute carrier family 8"
"HGNC:11070","SLC8A3","solute carrier family 8 member A3","","NCX3","14q24.2","Solute carrier family 8"
"HGNC:26175","SLC8B1","solute carrier family 8 member B1","SLC24A6","FLJ22233,NCKX6,NCLX","12q24.13","Solute carrier family 8"
"HGNC:11071","SLC9A1","solute carrier family 9 member A1","APNH,NHE1,NHE-1","PPP1R143","1p36.11","Solute carrier family 9"
"HGNC:11072","SLC9A2","solute carrier family 9 member A2","NHE2","","2q12.1","Solute carrier family 9"
"HGNC:11073","SLC9A3","solute carrier family 9 member A3","NHE3","NHE-3","5p15.33","Solute carrier family 9"
"HGNC:11077","SLC9A4","solute carrier family 9 member A4","","NHE4","2q12.1","Solute carrier family 9"
"HGNC:11078","SLC9A5","solute carrier family 9 member A5","","NHE5","16q22.1","Solute carrier family 9"
"HGNC:11079","SLC9A6","solute carrier family 9 member A6","","NHE6,KIAA0267,NHE-6","Xq26.3","Solute carrier family 9"
"HGNC:17123","SLC9A7","solute carrier family 9 member A7","","NHE7,NHE-7","Xp11.3","Solute carrier family 9"
"HGNC:20728","SLC9A8","solute carrier family 9 member A8","","KIAA0939,NHE8","20q13.13","Solute carrier family 9"
"HGNC:20653","SLC9A9","solute carrier family 9 member A9","","FLJ35613,NHE9","3q24","Solute carrier family 9"
"HGNC:24244","SLC9B1","solute carrier family 9 member B1","NHEDC1","NHA1","4q24","Solute carrier family 9"
"HGNC:25143","SLC9B2","solute carrier family 9 member B2","NHEDC2","FLJ23984,NHA2","4q24","Solute carrier family 9"
"HGNC:31401","SLC9C1","solute carrier family 9 member C1","SLC9A10","NHE","3q13.2","Solute carrier family 9"
"HGNC:28664","SLC9C2","solute carrier family 9 member C2 (putative)","SLC9A11","MGC43026","1q25.1","Solute carrier family 9"
"HGNC:20329","TMCO3","transmembrane and coiled-coil domains 3","C13orf11","SLC9D1,FLJ20623","13q34","Solute carrier family 9"
"HGNC:10905","SLC10A1","solute carrier family 10 member 1","","NTCP,NTCP1","14q24.1","Solute carrier family 10"
"HGNC:10906","SLC10A2","solute carrier family 10 member 2","ASBT,ISBT","NTCP2,IBAT","13q33.1","Solute carrier family 10"
"HGNC:22979","SLC10A3","solute carrier family 10 member 3","","P3,DXS253E","Xq28","Solute carrier family 10"
"HGNC:22980","SLC10A4","solute carrier family 10 member 4","","MGC29802","4p11","Solute carrier family 10"
"HGNC:22981","SLC10A5","solute carrier family 10 member 5","","","8q21.13","Solute carrier family 10"
"HGNC:30603","SLC10A6","solute carrier family 10 member 6","","SOAT","4q21.3","Solute carrier family 10"
"HGNC:23088","SLC10A7","solute carrier family 10 member 7","C4orf13","MGC25043,DKFZp566M114,DKFZp313H0531,DKFZp779O2438","4q31.22","Solute carrier family 10"
"HGNC:10907","SLC11A1","solute carrier family 11 member 1","LSH,NRAMP,NRAMP1","","2q35","Solute carrier family 11"
"HGNC:10908","SLC11A2","solute carrier family 11 member 2","NRAMP2","DCT1,DMT1,DMT-1,FLJ37416","12q13.12","Solute carrier family 11"
"HGNC:10910","SLC12A1","solute carrier family 12 member 1","","NKCC2,CCC2,BSC1,BSC,BSC-1","15q21.1","Solute carrier family 12"
"HGNC:10911","SLC12A2","solute carrier family 12 member 2","","NKCC1,BSC2,BSC-2,PPP1R141,CCC1","5q23.3","Solute carrier family 12"
"HGNC:10912","SLC12A3","solute carrier family 12 member 3","","NCCT,NCC,TSC","16q13","Solute carrier family 12"
"HGNC:10913","SLC12A4","solute carrier family 12 member 4","","KCC1","16q22.1","Solute carrier family 12"
"HGNC:13818","SLC12A5","solute carrier family 12 member 5","","KIAA1176,KCC2,hKCC2","20q13.12","Solute carrier family 12"
"HGNC:10914","SLC12A6","solute carrier family 12 member 6","KCC3,ACCPN","KCC3A,KCC3B","15q14","Solute carrier family 12"
"HGNC:10915","SLC12A7","solute carrier family 12 member 7","","KCC4,DKFZP434F076","5p15.33","Solute carrier family 12"
"HGNC:15595","SLC12A8","solute carrier family 12 member 8","","CCC9","3q21.2","Solute carrier family 12"
"HGNC:17435","SLC12A9","solute carrier family 12 member 9","","CIP1","7q22.1","Solute carrier family 12"
"HGNC:10916","SLC13A1","solute carrier family 13 member 1","","NaSi-1,NAS1","7q31.32","Solute carrier family 13"
"HGNC:10917","SLC13A2","solute carrier family 13 member 2","","NaDC-1","17q11.2","Solute carrier family 13"
"HGNC:14430","SLC13A3","solute carrier family 13 member 3","","NADC3,SDCT2","20q13.12","Solute carrier family 13"
"HGNC:15827","SLC13A4","solute carrier family 13 member 4","","SUT-1,SUT1","7q33","Solute carrier family 13"
"HGNC:23089","SLC13A5","solute carrier family 13 member 5","","NACT,INDY,mINDY","17p13.1","Solute carrier family 13"
"HGNC:8101","OCA2","OCA2 melanosomal transmembrane protein","D15S12,P,EYCL3,EYCL2","BEY,BEY1,BEY2,EYCL,SLC13B1","15q12-q13.1","Solute carrier family 13"
"HGNC:10918","SLC14A1","solute carrier family 14 member 1 (Kidd blood group)","JK","HsT1341,RACH1,RACH2","18q12.3","Solute carrier family 14"
"HGNC:10919","SLC14A2","solute carrier family 14 member 2","","HUT2,UT2","18q12.3","Solute carrier family 14"
"HGNC:10920","SLC15A1","solute carrier family 15 member 1","","PEPT1,HPECT1,HPEPT1","13q32.2-q32.3","Solute carrier family 15"
"HGNC:10921","SLC15A2","solute carrier family 15 member 2","","PEPT2","3q13.33","Solute carrier family 15"
"HGNC:18068","SLC15A3","solute carrier family 15 member 3","","PHT2,hPTR3","11q12.2","Solute carrier family 15"
"HGNC:23090","SLC15A4","solute carrier family 15 member 4","","PHT1,PTR4","12q24.33","Solute carrier family 15"
"HGNC:33455","SLC15A5","solute carrier family 15 member 5","","","12p12.3","Solute carrier family 15"
"HGNC:10922","SLC16A1","solute carrier family 16 member 1","","MCT,MCT1","1p13.2","Solute carrier family 16"
"HGNC:10923","SLC16A2","solute carrier family 16 member 2","DXS128,AHDS,MRX22","XPCT,MCT8,MCT7,DXS128E","Xq13.2","Solute carrier family 16"
"HGNC:10924","SLC16A3","solute carrier family 16 member 3","","MCT3,MCT4","17q25.3","Solute carrier family 16"
"HGNC:10925","SLC16A4","solute carrier family 16 member 4","","MCT4,MCT5","1p13.3","Solute carrier family 16"
"HGNC:10926","SLC16A5","solute carrier family 16 member 5","","MCT5,MCT6","17q25.1","Solute carrier family 16"
"HGNC:10927","SLC16A6","solute carrier family 16 member 6","","MCT6,MCT7","17q24.2","Solute carrier family 16"
"HGNC:10928","SLC16A7","solute carrier family 16 member 7","","MCT2","12q14.1","Solute carrier family 16"
"HGNC:16270","SLC16A8","solute carrier family 16 member 8","","MCT3,REMP","22q13.1","Solute carrier family 16"
"HGNC:23520","SLC16A9","solute carrier family 16 member 9","C10orf36","FLJ43803,MCT9","10q21.2","Solute carrier family 16"
"HGNC:17027","SLC16A10","solute carrier family 16 member 10","","TAT1,MCT10","6q21","Solute carrier family 16"
"HGNC:23093","SLC16A11","solute carrier family 16 member 11","","FLJ90193,MCT11","17p13.1","Solute carrier family 16"
"HGNC:23094","SLC16A12","solute carrier family 16 member 12","","MCT12,CRT2","10q23.31","Solute carrier family 16"
"HGNC:31037","SLC16A13","solute carrier family 16 member 13","","MCT13","17p13.1","Solute carrier family 16"
"HGNC:26417","SLC16A14","solute carrier family 16 member 14","","FLJ30794,MCT14","2q36.3","Solute carrier family 16"
"HGNC:10929","SLC17A1","solute carrier family 17 member 1","NPT1","NAPI-1","6p22.2","Solute carrier family 17"
"HGNC:10930","SLC17A2","solute carrier family 17 member 2","","NPT3","6p22.2","Solute carrier family 17"
"HGNC:10931","SLC17A3","solute carrier family 17 member 3","","NPT4","6p22.2","Solute carrier family 17"
"HGNC:10932","SLC17A4","solute carrier family 17 member 4","","KIAA2138","6p22.2","Solute carrier family 17"
"HGNC:10933","SLC17A5","solute carrier family 17 member 5","SIASD","AST,SD,ISSD,NSD,SIALIN,SLD","6q13","Solute carrier family 17"
"HGNC:16703","SLC17A6","solute carrier family 17 member 6","","DNPI,VGLUT2","11p14.3","Solute carrier family 17"
"HGNC:16704","SLC17A7","solute carrier family 17 member 7","","BNPI,VGLUT1","19q13.33","Solute carrier family 17"
"HGNC:20151","SLC17A8","solute carrier family 17 member 8","DFNA25","VGLUT3","12q23.1","Solute carrier family 17"
"HGNC:16192","SLC17A9","solute carrier family 17 member 9","C20orf59","FLJ23412,VNUT","20q13.33","Solute carrier family 17"
"HGNC:10934","SLC18A1","solute carrier family 18 member A1","VMAT1,VAT1","CGAT","8p21.3","Solute carrier family 18"
"HGNC:10935","SLC18A2","solute carrier family 18 member A2","VMAT2","SVMT,SVAT,VAT2","10q25.3","Solute carrier family 18"
"HGNC:10936","SLC18A3","solute carrier family 18 member A3","","VACHT","10q11.23","Solute carrier family 18"
"HGNC:21573","SLC18B1","solute carrier family 18 member B1","C6orf192","dJ55C23.6","6q23.2","Solute carrier family 18"
"HGNC:10937","SLC19A1","solute carrier family 19 member 1","","FOLT,RFC1,IFC-1,RFC,hRFC,RFT-1","21q22.3","Solute carrier family 19"
"HGNC:10938","SLC19A2","solute carrier family 19 member 2","TRMA","THTR1,ThT1","1q24.2","Solute carrier family 19"
"HGNC:16266","SLC19A3","solute carrier family 19 member 3","","THTR2,thTr-2,hTHTR2","2q36.3","Solute carrier family 19"
"HGNC:25344","SLC19A4P","solute carrier family 19 member 4, pseudogene","C2orf83","DKFZp547H025","2q36.3","Solute carrier family 19"
"HGNC:10946","SLC20A1","solute carrier family 20 member 1","GLVR1","PiT-1,Glvr-1,PiT1","2q14.1","Solute carrier family 20"
"HGNC:10947","SLC20A2","solute carrier family 20 member 2","MLVAR,GLVR2","PiT-2,Glvr-2,Ram-1,PIT2","8p11.21","Solute carrier family 20"
"HGNC:10963","SLC22A1","solute carrier family 22 member 1","","OCT1","6q25.3","Solute carrier family 22"
"HGNC:10966","SLC22A2","solute carrier family 22 member 2","","OCT2","6q25.3","Solute carrier family 22"
"HGNC:10967","SLC22A3","solute carrier family 22 member 3","","OCT3,EMT","6q25.3","Solute carrier family 22"
"HGNC:10968","SLC22A4","solute carrier family 22 member 4","DFNB60","OCTN1,MGC34546","5q31.1","Solute carrier family 22"
"HGNC:10969","SLC22A5","solute carrier family 22 member 5","CDSP","OCTN2,SCD","5q31.1","Solute carrier family 22"
"HGNC:10970","SLC22A6","solute carrier family 22 member 6","","ROAT1,PAHT,OAT1","11q12.3","Solute carrier family 22"
"HGNC:10971","SLC22A7","solute carrier family 22 member 7","","NLT,OAT2","6p21.1","Solute carrier family 22"
"HGNC:10972","SLC22A8","solute carrier family 22 member 8","","OAT3","11q12.3","Solute carrier family 22"
"HGNC:16261","SLC22A9","solute carrier family 22 member 9","","OAT4,FLJ23666,UST3,OAT7","11q12.3","Solute carrier family 22"
"HGNC:18057","SLC22A10","solute carrier family 22 member 10 (gene/pseudogene)","","OAT5,hOAT5","11q12.3","Solute carrier family 22"
"HGNC:18120","SLC22A11","solute carrier family 22 member 11","","OAT4","11q13.1","Solute carrier family 22"
"HGNC:17989","SLC22A12","solute carrier family 22 member 12","","OAT4L,RST,URAT1,hURAT1,UAT","11q13.1","Solute carrier family 22"
"HGNC:8494","SLC22A13","solute carrier family 22 member 13","ORCTL3","OCTL1,OCTL3,OAT10","3p22.2","Solute carrier family 22"
"HGNC:8495","SLC22A14","solute carrier family 22 member 14","ORCTL4","OCTL2","3p22.2","Solute carrier family 22"
"HGNC:20301","SLC22A15","solute carrier family 22 member 15","","FLIPT1","1p13.1","Solute carrier family 22"
"HGNC:20302","SLC22A16","solute carrier family 22 member 16","","FLIPT2,CT2,OKB1,OAT6","6q21","Solute carrier family 22"
"HGNC:23095","SLC22A17","solute carrier family 22 member 17","","BOCT,BOIT,NGALR","14q11.2","Solute carrier family 22"
"HGNC:29867","SLC22A20P","solute carrier family 22 member 20, pseudogene","SLC22A20","Oat6,FLJ16331","11q13.1","Solute carrier family 22"
"HGNC:21106","SLC22A23","solute carrier family 22 member 23","C6orf85","FLJ22174","6p25.2","Solute carrier family 22"
"HGNC:28542","SLC22A24","solute carrier family 22 member 24","","MGC34821,NET46","11q12.3","Solute carrier family 22"
"HGNC:32935","SLC22A25","solute carrier family 22 member 25","","UST6,HIMTP,MGC120420","11q12.3","Solute carrier family 22"
"HGNC:27091","SLC22A31","solute carrier family 22 member 31","","","16q24.3","Solute carrier family 22"
"HGNC:20566","SV2A","synaptic vesicle glycoprotein 2A","","SV2,KIAA0736,SLC22B1","1q21.2","Solute carrier family 22"
"HGNC:16874","SV2B","synaptic vesicle glycoprotein 2B","","KIAA0735,HsT19680,SLC22B2","15q26.1","Solute carrier family 22"
"HGNC:30670","SV2C","synaptic vesicle glycoprotein 2C","","SLC22B3","5q13.3","Solute carrier family 22"
"HGNC:25417","SVOP","SV2 related protein","","DKFZp761H039,SLC22B4","12q24.11","Solute carrier family 22"
"HGNC:27034","SVOPL","SVOP like","","MGC46715,SLC22B5","7q34","Solute carrier family 22"
"HGNC:10974","SLC23A1","solute carrier family 23 member 1","SLC23A2","YSPL3,SVCT1","5q31.2","Solute carrier family 23"
"HGNC:10973","SLC23A2","solute carrier family 23 member 2","SLC23A1","SVCT2,KIAA0238,YSPL2","20p13","Solute carrier family 23"
"HGNC:20601","SLC23A3","solute carrier family 23 member 3","","SVCT3,FLJ31168,Yspl1","2q35","Solute carrier family 23"
"HGNC:20602","SLC23A4P","solute carrier family 23 member 4, pseudogene","SLC23A4","","7q33","Solute carrier family 23"
"HGNC:10975","SLC24A1","solute carrier family 24 member 1","","NCKX1,NCKX,RODX,KIAA0702,HsT17412,CSNB1D","15q22.31","Solute carrier family 24"
"HGNC:10976","SLC24A2","solute carrier family 24 member 2","","NCKX2","9p22.1","Solute carrier family 24"
"HGNC:10977","SLC24A3","solute carrier family 24 member 3","","","20p11.23","Solute carrier family 24"
"HGNC:10978","SLC24A4","solute carrier family 24 member 4","","NCKX4","14q32.12","Solute carrier family 24"
"HGNC:20611","SLC24A5","solute carrier family 24 member 5","","JSX,OCA6,NCKX5","15q21.1","Solute carrier family 24"
"HGNC:10979","SLC25A1","solute carrier family 25 member 1","SLC20A3","CTP,CIC","22q11.21","Solute carrier family 25"
"HGNC:22921","SLC25A2","solute carrier family 25 member 2","","ORNT2","5q31.3","Solute carrier family 25"
"HGNC:10989","SLC25A3","solute carrier family 25 member 3","PHC","PiC,PTP","12q23.1","Solute carrier family 25"
"HGNC:10990","SLC25A4","solute carrier family 25 member 4","PEO3,PEO2,ANT1","T1,AAC1","4q35.1","Solute carrier family 25"
"HGNC:10991","SLC25A5","solute carrier family 25 member 5","ANT2","T2,2F1,T3","Xq24","Solute carrier family 25"
"HGNC:10992","SLC25A6","solute carrier family 25 member 6","ANT3","ANT3Y,MGC17525","Xp22.32 and Yp11.3","Solute carrier family 25"
"HGNC:12517","UCP1","uncoupling protein 1","UCP","SLC25A7","4q31.1","Solute carrier family 25"
"HGNC:12518","UCP2","uncoupling protein 2","BMIQ4","SLC25A8","11q13.4","Solute carrier family 25"
"HGNC:12519","UCP3","uncoupling protein 3","","SLC25A9","11q13.4","Solute carrier family 25"
"HGNC:10980","SLC25A10","solute carrier family 25 member 10","DIC","","17q25.3","Solute carrier family 25"
"HGNC:10981","SLC25A11","solute carrier family 25 member 11","SLC20A4","OGC","17p13.2","Solute carrier family 25"
"HGNC:10982","SLC25A12","solute carrier family 25 member 12","","Aralar,aralar1,AGC1","2q31.1","Solute carrier family 25"
"HGNC:10983","SLC25A13","solute carrier family 25 member 13","CTLN2","CITRIN,ARALAR2","7q21.3","Solute carrier family 25"
"HGNC:10984","SLC25A14","solute carrier family 25 member 14","","BMCP1,UCP5","Xq26.1","Solute carrier family 25"
"HGNC:10985","SLC25A15","solute carrier family 25 member 15","ORNT1,HHH","ORC1,lnc-HC,D13S327","13q14.11","Solute carrier family 25"
"HGNC:10986","SLC25A16","solute carrier family 25 member 16","","GDA,D10S105E,HGT.1,ML7","10q21.3","Solute carrier family 25"
"HGNC:10987","SLC25A17","solute carrier family 25 member 17","","PMP34","22q13.2","Solute carrier family 25"
"HGNC:10988","SLC25A18","solute carrier family 25 member 18","","","22q11.21","Solute carrier family 25"
"HGNC:14409","SLC25A19","solute carrier family 25 member 19","MCPHA","DNC,MUP1,TPC","17q25.1","Solute carrier family 25"
"HGNC:1421","SLC25A20","solute carrier family 25 member 20","CACT","CAC","3p21.31","Solute carrier family 25"
"HGNC:14411","SLC25A21","solute carrier family 25 member 21","","ODC1,ODC","14q13.3","Solute carrier family 25"
"HGNC:19954","SLC25A22","solute carrier family 25 member 22","","GC1,FLJ13044,NET44,EIEE3,GC-1","11p15.5","Solute carrier family 25"
"HGNC:19375","SLC25A23","solute carrier family 25 member 23","","FLJ30339,MGC2615,APC2","19p13.3","Solute carrier family 25"
"HGNC:20662","SLC25A24","solute carrier family 25 member 24","","DKFZp586G0123,APC1,SCAMC1,SCAMC-1","1p13.3","Solute carrier family 25"
"HGNC:20663","SLC25A25","solute carrier family 25 member 25","","KIAA1896,PCSCL,MCSC","9q34.11","Solute carrier family 25"
"HGNC:20661","SLC25A26","solute carrier family 25 member 26","","SAMC","3p14.1","Solute carrier family 25"
"HGNC:21065","SLC25A27","solute carrier family 25 member 27","","UCP4,FLJ33552","6p12.3","Solute carrier family 25"
"HGNC:23472","SLC25A28","solute carrier family 25 member 28","","MRS3/4,MRS4L","10q24.2","Solute carrier family 25"
"HGNC:20116","SLC25A29","solute carrier family 25 member 29","C14orf69","FLJ38975","14q32.2","Solute carrier family 25"
"HGNC:27371","SLC25A30","solute carrier family 25 member 30","","","13q14.13","Solute carrier family 25"
"HGNC:25319","SLC25A31","solute carrier family 25 member 31","","DKFZP434N1235,ANT4","4q28.1","Solute carrier family 25"
"HGNC:29683","SLC25A32","solute carrier family 25 member 32","","MFTC","8q22.3","Solute carrier family 25"
"HGNC:29681","SLC25A33","solute carrier family 25 member 33","","MGC4399,BMSC-MCP,PNC1","1p36.22","Solute carrier family 25"
"HGNC:27653","SLC25A34","solute carrier family 25 member 34","","DKFZp781A10161","1p36.21","Solute carrier family 25"
"HGNC:31921","SLC25A35","solute carrier family 25 member 35","","FLJ40217","17p13.1","Solute carrier family 25"
"HGNC:25554","SLC25A36","solute carrier family 25 member 36","","FLJ10618,PNC2","3q23","Solute carrier family 25"
"HGNC:29786","SLC25A37","solute carrier family 25 member 37","","MSCP,MFRN,MFRN1,HT015","8p21.2","Solute carrier family 25"
"HGNC:26054","SLC25A38","solute carrier family 25 member 38","","FLJ20551","3p22.1","Solute carrier family 25"
"HGNC:24279","SLC25A39","solute carrier family 25 member 39","","FLJ22407,CGI-69","17q21.31","Solute carrier family 25"
"HGNC:29680","SLC25A40","solute carrier family 25 member 40","","MCFP","7q21.12","Solute carrier family 25"
"HGNC:28533","SLC25A41","solute carrier family 25 member 41","","FLJ40442,MGC34725,APC4","19p13.3","Solute carrier family 25"
"HGNC:28380","SLC25A42","solute carrier family 25 member 42","","MGC26694","19p13.11","Solute carrier family 25"
"HGNC:30557","SLC25A43","solute carrier family 25 member 43","","","Xq24","Solute carrier family 25"
"HGNC:29036","SLC25A44","solute carrier family 25 member 44","","FLJ90431,KIAA0446","1q22","Solute carrier family 25"
"HGNC:27442","SLC25A45","solute carrier family 25 member 45","","","11q13.1","Solute carrier family 25"
"HGNC:25198","SLC25A46","solute carrier family 25 member 46","","","5q22.1","Solute carrier family 25"
"HGNC:20115","SLC25A47","solute carrier family 25 member 47","C14orf68","HDCMP","14q32.2","Solute carrier family 25"
"HGNC:30451","SLC25A48","solute carrier family 25 member 48","","FLJ44862","5q31.1","Solute carrier family 25"
"HGNC:17586","MTCH1","mitochondrial carrier 1","","CGI-64,PSAP,SLC25A49","6p21.2","Solute carrier family 25"
"HGNC:17587","MTCH2","mitochondrial carrier 2","","SLC25A50,MIMP","11p11.2","Solute carrier family 25"
"HGNC:23323","SLC25A51","solute carrier family 25 member 51","MCART1","MGC14836,CG7943","9p13.2-p13.1","Solute carrier family 25"
"HGNC:23324","SLC25A52","solute carrier family 25 member 52","MCART2","","18q12.1","Solute carrier family 25"
"HGNC:31894","SLC25A53","solute carrier family 25 member 53","MCART6","","Xq22.2","Solute carrier family 25"
"HGNC:10993","SLC26A1","solute carrier family 26 member 1","","SAT-1,EDM4","4p16.3","Solute carrier family 26"
"HGNC:10994","SLC26A2","solute carrier family 26 member 2","DTD","DTDST","5q32","Solute carrier family 26"
"HGNC:3018","SLC26A3","solute carrier family 26 member 3","DRA,CLD","","7q22.3-q31.1","Solute carrier family 26"
"HGNC:8818","SLC26A4","solute carrier family 26 member 4","DFNB4","PDS","7q22.3","Solute carrier family 26"
"HGNC:9359","SLC26A5","solute carrier family 26 member 5","PRES","DFNB61,PRESTIN","7q22.1","Solute carrier family 26"
"HGNC:14472","SLC26A6","solute carrier family 26 member 6","","DKFZp586E1422","3p21.31","Solute carrier family 26"
"HGNC:14467","SLC26A7","solute carrier family 26 member 7","","SUT2","8q21.3","Solute carrier family 26"
"HGNC:14468","SLC26A8","solute carrier family 26 member 8","","TAT1","6p21.31","Solute carrier family 26"
"HGNC:14469","SLC26A9","solute carrier family 26 member 9","","","1q32.1","Solute carrier family 26"
"HGNC:14470","SLC26A10P","solute carrier family 26 member 10, pseudogene","SLC26A10","","12q13.3","Solute carrier family 26"
"HGNC:14471","SLC26A11","solute carrier family 26 member 11","","","17q25.3","Solute carrier family 26"
"HGNC:10995","SLC27A1","solute carrier family 27 member 1","","FATP1,FATP,MGC71751,FLJ00336,ACSVL5","19p13.11","Solute carrier family 27"
"HGNC:10996","SLC27A2","solute carrier family 27 member 2","FACVL1","FATP2,hFACVL1,VLACS,VLCS,HsT17226,ACSVL1","15q21.2","Solute carrier family 27"
"HGNC:10997","SLC27A3","solute carrier family 27 member 3","","FATP3,MGC4365,ACSVL3","1q21.3","Solute carrier family 27"
"HGNC:10998","SLC27A4","solute carrier family 27 member 4","","FATP4,ACSVL4,FATP-4","9q34.11","Solute carrier family 27"
"HGNC:10999","SLC27A5","solute carrier family 27 member 5","","FATP5,VLACSR,VLCS-H2,VLCSH2,FACVL3,FLJ22987,ACSVL6,ACSB","19q13.43","Solute carrier family 27"
"HGNC:11000","SLC27A6","solute carrier family 27 member 6","","FATP6,VLCS-H1,FACVL2,ACSVL2","5q23.3","Solute carrier family 27"
"HGNC:11001","SLC28A1","solute carrier family 28 member 1","","CNT1","15q25.3","Solute carrier family 28"
"HGNC:11002","SLC28A2","solute carrier family 28 member 2","","CNT2,SPNT1,HCNT2,HsT17153","15q21.1","Solute carrier family 28"
"HGNC:16484","SLC28A3","solute carrier family 28 member 3","","CNT3","9q21.32-q21.33","Solute carrier family 28"
"HGNC:11003","SLC29A1","solute carrier family 29 member 1 (Augustine blood group)","ENT1","","6p21.1","Solute carrier family 29"
"HGNC:11004","SLC29A2","solute carrier family 29 member 2","ENT2,HNP36","DER12","11q13.2","Solute carrier family 29"
"HGNC:23096","SLC29A3","solute carrier family 29 member 3","","ENT3,FLJ11160,hENT3","10q22.1","Solute carrier family 29"
"HGNC:23097","SLC29A4","solute carrier family 29 member 4","","FLJ34923,ENT4","7p22.1","Solute carrier family 29"
"HGNC:2074","CLN3","CLN3 lysosomal/endosomal transmembrane protein, battenin","BTS","BTN1,JNCL,SLC29B1","16p12.1","Solute carrier family 29"
"HGNC:11012","SLC30A1","solute carrier family 30 member 1","ZNT1","ZRC1","1q32.3","Solute carrier family 30"
"HGNC:11013","SLC30A2","solute carrier family 30 member 2","ZNT2","","1p36.11","Solute carrier family 30"
"HGNC:11014","SLC30A3","solute carrier family 30 member 3","ZNT3","","2p23.3","Solute carrier family 30"
"HGNC:11015","SLC30A4","solute carrier family 30 member 4","ZNT4","","15q21.1","Solute carrier family 30"
"HGNC:19089","SLC30A5","solute carrier family 30 member 5","","ZTL1,ZnT-5,FLJ12496,FLJ12756,ZNT5,MGC5499,ZNTL1","5q13.1-q13.2","Solute carrier family 30"
"HGNC:19305","SLC30A6","solute carrier family 30 member 6","","FLJ31101,ZNT6","2p22.3","Solute carrier family 30"
"HGNC:19306","SLC30A7","solute carrier family 30 member 7","","ZnTL2,ZNT7","1p21.2","Solute carrier family 30"
"HGNC:20303","SLC30A8","solute carrier family 30 member 8","","ZnT-8,ZNT8","8q24.11","Solute carrier family 30"
"HGNC:1329","SLC30A9","solute carrier family 30 member 9","C4orf1","HUEL,ZNT9,GAC63","4p13","Solute carrier family 30"
"HGNC:25355","SLC30A10","solute carrier family 30 member 10","","DKFZp547M236,ZnT-10,ZRC1,ZNT8,ZNT10","1q41","Solute carrier family 30"
"HGNC:25380","TMEM163","transmembrane protein 163","","DKFZP566N034,SV31,SLC30A11","2q21.3","Solute carrier family 30"
"HGNC:11016","SLC31A1","solute carrier family 31 member 1","COPT1","hCTR1,CTR1","9q32","Solute carrier family 31"
"HGNC:11017","SLC31A2","solute carrier family 31 member 2","COPT2","hCTR2,CTR2","9q32","Solute carrier family 31"
"HGNC:11018","SLC32A1","solute carrier family 32 member 1","VIAAT","VGAT,bA122O1.1","20q11.23","Solute carrier family 32"
"HGNC:95","SLC33A1","solute carrier family 33 member 1","ACATN,SPG42","AT-1,AT1","3q25.31","Solute carrier family 33"
"HGNC:25157","MFSD3","major facilitator superfamily domain containing 3","","SLC33A2","8q24.3","Solute carrier family 33"
"HGNC:11019","SLC34A1","solute carrier family 34 member 1","NPT2,SLC17A2","NAPI-3,NPTIIa,SLC11","5q35.3","Solute carrier family 34"
"HGNC:11020","SLC34A2","solute carrier family 34 member 2","","NAPI-3B,NaPi-2b,NPTIIb,NaPi2b,NAPI-IIb","4p15.2","Solute carrier family 34"
"HGNC:20305","SLC34A3","solute carrier family 34 member 3","","NPTIIc,FLJ38680,NaPi-2c,NPT2C","9q34.3","Solute carrier family 34"
"HGNC:11021","SLC35A1","solute carrier family 35 member A1","","CMPST,hCST,CMP-Sia-Tr","6q15","Solute carrier family 35"
"HGNC:11022","SLC35A2","solute carrier family 35 member A2","UGALT","UGAT,UGT,UGT1,UGT2,UGTL,UDP-Gal-Tr","Xp11.23","Solute carrier family 35"
"HGNC:11023","SLC35A3","solute carrier family 35 member A3","","","1p21.2","Solute carrier family 35"
"HGNC:20753","SLC35A4","solute carrier family 35 member A4","","","5q31.3","Solute carrier family 35"
"HGNC:20792","SLC35A5","solute carrier family 35 member A5","","FLJ20730","3q13.2","Solute carrier family 35"
"HGNC:20798","SLC35B1","solute carrier family 35 member B1","","UGTREL1,AXER","17q21.33","Solute carrier family 35"
"HGNC:16872","SLC35B2","solute carrier family 35 member B2","","UGTrel4","6p21.1","Solute carrier family 35"
"HGNC:21601","SLC35B3","solute carrier family 35 member B3","C6orf196","CGI-19,dJ453H5.1,PAPST2","6p24.3","Solute carrier family 35"
"HGNC:20584","SLC35B4","solute carrier family 35 member B4","","FLJ14697,YEA4","7q33","Solute carrier family 35"
"HGNC:20197","SLC35C1","solute carrier family 35 member C1","","FUCT1,FLJ11320","11p11.2","Solute carrier family 35"
"HGNC:17117","SLC35C2","solute carrier family 35 member C2","C20orf5,OVCOV1","CGI-15,SLC35H1,bA394O2.1","20q13.12","Solute carrier family 35"
"HGNC:20800","SLC35D1","solute carrier family 35 member D1","","UGTREL7,KIAA0260","1p31.3","Solute carrier family 35"
"HGNC:20799","SLC35D2","solute carrier family 35 member D2","","UGTrel8,SQV7L","9q22.32","Solute carrier family 35"
"HGNC:15621","SLC35D3","solute carrier family 35 member D3","FRCL1","","6q23.3","Solute carrier family 35"
"HGNC:31723","TMEM241","transmembrane protein 241","C18orf45","MGC11386,FLJ44259,SLC35D4","18q11.2","Solute carrier family 35"
"HGNC:20803","SLC35E1","solute carrier family 35 member E1","","FLJ14251","19p13.11","Solute carrier family 35"
"HGNC:20863","SLC35E2A","solute carrier family 35 member E2A (pseudogene)","SLC35E2","KIAA0447,SLC35E2AP,SLC35E2P","1p36.33","Solute carrier family 35"
"HGNC:33941","SLC35E2B","solute carrier family 35 member E2B","","","1p36.33","Solute carrier family 35"
"HGNC:20864","SLC35E3","solute carrier family 35 member E3","","BLOV1","12q15","Solute carrier family 35"
"HGNC:17058","SLC35E4","solute carrier family 35 member E4","","","22q12.2","Solute carrier family 35"
"HGNC:21483","SLC35F1","solute carrier family 35 member F1","C6orf169","dJ230I3.1","6q22.2-q22.31","Solute carrier family 35"
"HGNC:23615","SLC35F2","solute carrier family 35 member F2","","FLJ13018","11q22.3","Solute carrier family 35"
"HGNC:23616","SLC35F3","solute carrier family 35 member F3","","FLJ37712","1q42.2","Solute carrier family 35"
"HGNC:19845","SLC35F4","solute carrier family 35 member F4","C14orf36","FLJ37712","14q22.3-q23.1","Solute carrier family 35"
"HGNC:23617","SLC35F5","solute carrier family 35 member F5","","FLJ22004","2q14.1","Solute carrier family 35"
"HGNC:26055","SLC35F6","solute carrier family 35 member F6","C2orf18","FLJ20555,ANT2BP,TANGO9","2p23.3","Solute carrier family 35"
"HGNC:26607","SLC35G1","solute carrier family 35 member G1","TMEM20","FLJ33990,C10orf60,POST","10q23.33","Solute carrier family 35"
"HGNC:28480","SLC35G2","solute carrier family 35 member G2","TMEM22","MGC3295,DKFZp564K2464","3q22.3","Solute carrier family 35"
"HGNC:26848","SLC35G3","solute carrier family 35 member G3","TMEM21A,AMAC1","FLJ40154","17q12","Solute carrier family 35"
"HGNC:31043","SLC35G4","solute carrier family 35 member G4","AMAC1L1,SLC35G4P","","18p11.21","Solute carrier family 35"
"HGNC:15546","SLC35G5","solute carrier family 35 member G5","AMAC,AMAC1L2","","8p23.1","Solute carrier family 35"
"HGNC:31351","SLC35G6","solute carrier family 35 member G6","TMEM21B,AMAC1L3","","17p13.1","Solute carrier family 35"
"HGNC:18761","SLC36A1","solute carrier family 36 member 1","","LYAAT-1,PAT1,TRAMD3","5q33.1","Solute carrier family 36"
"HGNC:18762","SLC36A2","solute carrier family 36 member 2","","PAT2,tramdorin,TRAMD1","5q33.1","Solute carrier family 36"
"HGNC:19659","SLC36A3","solute carrier family 36 member 3","","PAT3,TRAMD2,tramdorin2","5q33.1","Solute carrier family 36"
"HGNC:19660","SLC36A4","solute carrier family 36 member 4","","PAT4,FLJ38932","11q21","Solute carrier family 36"
"HGNC:11024","SLC37A1","solute carrier family 37 member 1","","SPX1","21q22.3","Solute carrier family 37"
"HGNC:20644","SLC37A2","solute carrier family 37 member 2","","FLJ00171,SPX2","11q24.2","Solute carrier family 37"
"HGNC:20651","SLC37A3","solute carrier family 37 member 3","","DKFZp761N0624,SPX3","7q34","Solute carrier family 37"
"HGNC:4061","SLC37A4","solute carrier family 37 member 4","G6PT1,G6PT2,G6PT3","GSD1b,GSD1c,GSD1d,G6PT,SPX4","11q23.3","Solute carrier family 37"
"HGNC:13447","SLC38A1","solute carrier family 38 member 1","","ATA1,NAT2,SAT1,SNAT1","12q13.11","Solute carrier family 38"
"HGNC:13448","SLC38A2","solute carrier family 38 member 2","","SAT2,ATA2,KIAA1382,SNAT2","12q13.11","Solute carrier family 38"
"HGNC:18044","SLC38A3","solute carrier family 38 member 3","","G17,SN1,SNAT3","3p21.31","Solute carrier family 38"
"HGNC:14679","SLC38A4","solute carrier family 38 member 4","","PAAT,NAT3,ATA3,SNAT4","12q13.11","Solute carrier family 38"
"HGNC:18070","SLC38A5","solute carrier family 38 member 5","","SN2,JM24,SNAT5","Xp11.23","Solute carrier family 38"
"HGNC:19863","SLC38A6","solute carrier family 38 member 6","","NAT-1,SNAT6","14q23.1","Solute carrier family 38"
"HGNC:25582","SLC38A7","solute carrier family 38 member 7","","FLJ10815,SNAT7","16q21","Solute carrier family 38"
"HGNC:32434","SLC38A8","solute carrier family 38 member 8","","SNAT8","16q23.3","Solute carrier family 38"
"HGNC:26907","SLC38A9","solute carrier family 38 member 9","","FLJ90709,SNAT9","5q11.2","Solute carrier family 38"
"HGNC:28237","SLC38A10","solute carrier family 38 member 10","","MGC15523,PP1744,SNAT10","17q25.3","Solute carrier family 38"
"HGNC:26836","SLC38A11","solute carrier family 38 member 11","","FLJ39822,AVT2","2q24.3","Solute carrier family 38"
"HGNC:25984","TMEM104","transmembrane protein 104","","FLJ20255,FLJ00021,SLC38A12","17q25.1","Solute carrier family 38"
"HGNC:12876","SLC39A1","solute carrier family 39 member 1","ZIRTL","ZIP1","1q21.3","Solute carrier family 39"
"HGNC:17127","SLC39A2","solute carrier family 39 member 2","","ZIP2","14q11.2","Solute carrier family 39"
"HGNC:17128","SLC39A3","solute carrier family 39 member 3","","ZIP3","19p13.3","Solute carrier family 39"
"HGNC:17129","SLC39A4","solute carrier family 39 member 4","AEZ","ZIP4,ZIP-4,AWMS2","8q24.3","Solute carrier family 39"
"HGNC:20502","SLC39A5","solute carrier family 39 member 5","","ZIP5","12q13.3","Solute carrier family 39"
"HGNC:18607","SLC39A6","solute carrier family 39 member 6","","LIV-1,ZIP6","18q12.2","Solute carrier family 39"
"HGNC:4927","SLC39A7","solute carrier family 39 member 7","HKE4","H2-KE4,D6S2244E,KE4,RING5,ZIP7","6p21.32","Solute carrier family 39"
"HGNC:20862","SLC39A8","solute carrier family 39 member 8","","BIGM103,ZIP8,ZIP-8","4q24","Solute carrier family 39"
"HGNC:20182","SLC39A9","solute carrier family 39 member 9","","FLJ11274,ZIP9","14q24.1","Solute carrier family 39"
"HGNC:20861","SLC39A10","solute carrier family 39 member 10","","KIAA1265,FLJ90515,DKFZp564L2123,ZIP10","2q32.3","Solute carrier family 39"
"HGNC:14463","SLC39A11","solute carrier family 39 member 11","C17orf26","ZIP11","17q24.3-q25.1","Solute carrier family 39"
"HGNC:20860","SLC39A12","solute carrier family 39 member 12","","FLJ30499,ZIP12","10p12.33","Solute carrier family 39"
"HGNC:20859","SLC39A13","solute carrier family 39 member 13","","FLJ25785,LZT-Hs9,ZIP13,ZIP-13","11p11.2","Solute carrier family 39"
"HGNC:20858","SLC39A14","solute carrier family 39 member 14","","KIAA0062,NET34,ZIP14,ZIP-14","8p21.3","Solute carrier family 39"
"HGNC:10909","SLC40A1","solute carrier family 40 member 1","SLC11A3","MTP1,IREG1,FPN1,HFE4,FPN","2q32.2","Solute carrier family 40"
"HGNC:19429","SLC41A1","solute carrier family 41 member 1","","MgtE","1q32.1","Solute carrier family 41"
"HGNC:31045","SLC41A2","solute carrier family 41 member 2","","DKFZP434K0427","12q23.3","Solute carrier family 41"
"HGNC:31046","SLC41A3","solute carrier family 41 member 3","","FLJ20473","3q21.2-q21.3","Solute carrier family 41"
"HGNC:10006","RHAG","Rh associated glycoprotein","","RH50A,CD241,SLC42A1","6p12.3","Solute carrier family 42"
"HGNC:14572","RHBG","Rh family B glycoprotein","","SLC42A2","1q22","Solute carrier family 42"
"HGNC:10008","RHCE","Rh blood group CcEe antigens","RH","CD240CE,SLC42A4","1p36.11","Solute carrier family 42"
"HGNC:18140","RHCG","Rh family C glycoprotein","C15orf6","RHGK,PDRC2,SLC42A3","15q26.1","Solute carrier family 42"
"HGNC:10009","RHD","Rh blood group D antigen","RH","Rh30a,Rh4,RhPI,RhII,DIIIc,CD240D,SLC42A5","1p36.11","Solute carrier family 42"
"HGNC:9225","SLC43A1","solute carrier family 43 member 1","POV1","R00504,PB39","11q12.1","Solute carrier family 43"
"HGNC:23087","SLC43A2","solute carrier family 43 member 2","","MGC34680","17p13.3","Solute carrier family 43"
"HGNC:17466","SLC43A3","solute carrier family 43 member 3","","SEEEG-1,Eeg1,DKFZp762A227,FOAP-13,PRO1659","11q12.1","Solute carrier family 43"
"HGNC:18798","SLC44A1","solute carrier family 44 member 1","CDW92","CTL1,CHTL1,CD92","9q31.1-q31.2","Solute carrier family 44"
"HGNC:17292","SLC44A2","solute carrier family 44 member 2 (CTL2 blood group)","","CTL2","19p13.2","Solute carrier family 44"
"HGNC:28689","SLC44A3","solute carrier family 44 member 3","","MGC45474,CTL3","1p21.3","Solute carrier family 44"
"HGNC:13941","SLC44A4","solute carrier family 44 member 4","C6orf29","NG22,CTL4,FLJ14491,TPPT,DFNA72","6p21.33","Solute carrier family 44"
"HGNC:28524","SLC44A5","solute carrier family 44 member 5","","MGC34032,CTL5","1p31.1","Solute carrier family 44"
"HGNC:17939","SLC45A1","solute carrier family 45 member 1","DNB5","","1p36.23","Solute carrier family 45"
"HGNC:16472","SLC45A2","solute carrier family 45 member 2","MATP","AIM-1,OCA4","5p13.2","Solute carrier family 45"
"HGNC:8642","SLC45A3","solute carrier family 45 member 3","PCANAP6,PCANAP2,PCANAP8","IPCA-6,prostein,IPCA-2,IPCA-8","1q32.1","Solute carrier family 45"
"HGNC:29196","SLC45A4","solute carrier family 45 member 4","","KIAA1126","8q24.3","Solute carrier family 45"
"HGNC:30521","SLC46A1","solute carrier family 46 member 1","","HCP1,MGC9564,PCFT,HsPCFT,hPCFT","17q11.2","Solute carrier family 46"
"HGNC:16055","SLC46A2","solute carrier family 46 member 2","TSCOT","Ly110","9q32","Solute carrier family 46"
"HGNC:27501","SLC46A3","solute carrier family 46 member 3","","DKFZp686A1775,FLJ42613","13q12.3","Solute carrier family 46"
"HGNC:25588","SLC47A1","solute carrier family 47 member 1","","FLJ10847,MATE1","17p11.2","Solute carrier family 47"
"HGNC:26439","SLC47A2","solute carrier family 47 member 2","","FLJ31196,MATE2,MATE2-K","17p11.2","Solute carrier family 47"
"HGNC:26035","SLC48A1","solute carrier family 48 member 1","","FLJ20489,hHRG-1,HRG1","12q13.11","Solute carrier family 48"
"HGNC:24682","FLVCR1","FLVCR choline and heme transporter 1","AXPC1","FLVCR,MFSD7B,PCA,SLC49A1","1q32.3","Solute carrier family 49"
"HGNC:20105","FLVCR2","FLVCR choline and putative heme transporter 2","C14orf58","FLJ20371,MFSD7C,SLC49A2,CCT","14q24.3","Solute carrier family 49"
"HGNC:26177","SLC49A3","solute carrier family 49 member 3","MFSD7","FLJ22269,LP2561","4p16.3","Solute carrier family 49"
"HGNC:16628","SLC49A4","solute carrier family 49 member 4","DIRC2","FLJ14784,RCC4","3q21.1","Solute carrier family 49"
"HGNC:30657","SLC50A1","solute carrier family 50 member 1","RAG1AP1","SCP,RP11-540D14.5,slv,RZPDo834D038D,HsSWEET1,SWEET1","1q22","Solute carrier family 50"
"HGNC:29955","SLC51A","solute carrier family 51 member A","","OSTalpha,SLC51A1","3q29","Solute carrier family 51"
"HGNC:28797","TMEM184A","transmembrane protein 184A","","MGC9712,SDMG1,SLC51C1","7p22.3","Solute carrier family 51"
"HGNC:1310","TMEM184B","transmembrane protein 184B","C22orf5","HS5O6A,DKFZP586A1024,FM08,SLC51C2","22q13.1","Solute carrier family 51"
"HGNC:25587","TMEM184C","transmembrane protein 184C","TMEM34","FLJ10846,SLC51C3","4q31.23","Solute carrier family 51"
"HGNC:30225","SLC52A1","solute carrier family 52 member 1","GPR172B","FLJ10060,GPCR42,PAR2,hRFT1,RFVT1","17p13.2","Solute carrier family 52"
"HGNC:30224","SLC52A2","solute carrier family 52 member 2","GPR172A","FLJ11856,PAR1,GPCR41,D15Ertd747e,RFVT2,hRFT3,RFT3,HuPAR-1","8q24.3","Solute carrier family 52"
"HGNC:16187","SLC52A3","solute carrier family 52 member 3","C20orf54","bA371L19.1,hRFT2,RFVT3,RFT2","20p13","Solute carrier family 52"
"HGNC:12827","XPR1","xenotropic and polytropic retrovirus receptor 1","","SYG1,X3,SLC53A1","1q25.3","Solute carrier family 53"
"HGNC:21606","MPC1","mitochondrial pyruvate carrier 1","BRP44L","dJ68L15.3,CGI-129,SLC54A1","6q27","Solute carrier family 54, mitochondrial pyruvate carriers"
"HGNC:24515","MPC2","mitochondrial pyruvate carrier 2","BRP44","DKFZP564B167,SLC54A2","1q24.2","Solute carrier family 54, mitochondrial pyruvate carriers"
"HGNC:44205","MPC1L","mitochondrial pyruvate carrier 1 like","","SLC54A3","Xp11.4","Solute carrier family 54, mitochondrial pyruvate carriers"
"HGNC:6556","LETM1","leucine zipper and EF-hand containing transmembrane protein 1","","SLC55A1,Mdm38","4p16.3","Solute carrier family 55, LETM mitochondrial cation/proton exchangers"
"HGNC:14648","LETM2","leucine zipper and EF-hand containing transmembrane protein 2","","FLJ25409,SLC55A2","8p11.23","Solute carrier family 55, LETM mitochondrial cation/proton exchangers"
"HGNC:24241","LETMD1","LETM1 domain containing 1","","HCCR1,HCCR,HCCR-2,HCCR-1,HCCR2,SLC55A3","12q13.12","Solute carrier family 55, LETM mitochondrial cation/proton exchangers"
"HGNC:16085","SFXN1","sideroflexin 1","","FLJ12876,SLC56A1","5q35.2","Solute carrier family 56, sideroflexins"
"HGNC:16086","SFXN2","sideroflexin 2","","SLC56A2","10q24.32","Solute carrier family 56, sideroflexins"
"HGNC:16087","SFXN3","sideroflexin 3","","SFX3,SLC56A3","10q24.31","Solute carrier family 56, sideroflexins"
"HGNC:16088","SFXN4","sideroflexin 4","","SLC56A4","10q26.11","Solute carrier family 56, sideroflexins"
"HGNC:16073","SFXN5","sideroflexin 5","","BBG-TCC,SLC56A5","2p13.2","Solute carrier family 56, sideroflexins"
"HGNC:27194","NIPAL1","NIPA like domain containing 1","NPAL1","DKFZp686A06115,SLC57A3,NIPA3","4p12","Solute carrier family 57, NIPA-like magnesium transporters"
"HGNC:25854","NIPAL2","NIPA like domain containing 2","NPAL2","FLJ13955,SLC57A4","8q22.2","Solute carrier family 57, NIPA-like magnesium transporters"
"HGNC:25233","NIPAL3","NIPA like domain containing 3","NPAL3","DJ462O23.2,SLC57A5","1p36.11","Solute carrier family 57, NIPA-like magnesium transporters"
"HGNC:28018","NIPAL4","NIPA like domain containing 4","","ICHYN,SLC57A6,NIPA4","5q33.3","Solute carrier family 57, NIPA-like magnesium transporters"
"HGNC:17043","NIPA1","NIPA magnesium transporter 1","SPG6","MGC35570,SLC57A1","15q11.2","Solute carrier family 57, NIPA-like magnesium transporters"
"HGNC:17044","NIPA2","NIPA magnesium transporter 2","","SLC57A2","15q11.2","Solute carrier family 57, NIPA-like magnesium transporters"
"HGNC:28880","MAGT1","magnesium transporter 1","","DKFZp564K142,IAP,OST3B,MRX95,SLC58A1","Xq21.1","Solute carrier family 58"
"HGNC:30242","TUSC3","tumor suppressor candidate 3","MRT22","MGC13453,N33,OST3A,MRT7,MagT2,SLC58A2","8p22","Solute carrier family 58"
"HGNC:25897","MFSD2A","MFSD2 lysolipid transporter A, lysophospholipid","MFSD2","FLJ14490,SLC59A1","1p34.2","Solute carrier family 59"
"HGNC:37207","MFSD2B","MFSD2 lysolipid transporter B, sphingolipid","","SLC59A2","2p23.3","Solute carrier family 59"
"HGNC:28299","MFSD12","major facilitator superfamily domain containing 12","C19orf28","MGC20700,PP3501,SLC59B1","19p13.3","Solute carrier family 59"
"HGNC:25433","MFSD4A","major facilitator superfamily domain containing 4A","MFSD4","DKFZp761N1114,FLJ34577,UNQ3064,FLJ25004,SLC60A1","1q32.1","Solute carrier family 60"
"HGNC:21053","MFSD4B","major facilitator superfamily domain containing 4B","KIAA1919","MGC33953,SLC60A2","6q21","Solute carrier family 60"
"HGNC:28156","MFSD5","major facilitator superfamily domain containing 5","","MGC11308,HsMOT2,SLC61A1","12q13.13","Solute carrier family 61"
"HGNC:15492","ANKH","ANKH inorganic pyrophosphate transport regulator","CCAL2,CMDJ","HANK,ANK,CPPDD,SLC62A1","5p15.2","Solute carrier family 62"
"HGNC:30621","SPNS1","SPNS lysolipid transporter 1, lysophospholipid","","HSpin1,nrs,SPINL,PP2030,SPIN1,LAT,SLC63A1","16p11.2","Solute carrier family 63, sphingosine phosphate transporters"
"HGNC:26992","SPNS2","SPNS lysolipid transporter 2, sphingosine-1-phosphate","","SLC63A2","17p13.2","Solute carrier family 63, sphingosine phosphate transporters"
"HGNC:28433","SPNS3","SPNS lysolipid transporter 3, sphingosine-1-phosphate (putative)","","MGC29671,SLC63A3","17p13.2","Solute carrier family 63, sphingosine phosphate transporters"
"HGNC:30760","TMEM165","transmembrane protein 165","","TMPT27,TPARL,GDT1,SLC64A1","4q12","Solute carrier family 64"
"HGNC:7897","NPC1","NPC intracellular cholesterol transporter 1","","SLC65A1","18q11.2","Solute carrier family 65"
"HGNC:7898","NPC1L1","NPC1 like intracellular cholesterol transporter 1","","SLC65A2","7p13","Solute carrier family 65"
"HGNC:9585","PTCH1","patched 1","NBCCS,PTCH","BCNS,SLC65B1","9q22.32","Solute carrier family 65"
"HGNC:9586","PTCH2","patched 2","","SLC65B2","1p34.1","Solute carrier family 65"
"HGNC:26392","PTCHD1","patched domain containing 1","","SLC65C1,FLJ30296","Xp22.11","Solute carrier family 65"
"HGNC:21345","PTCHD4","patched domain containing 4","C6orf138","PTCH53,SLC65C2,FLJ41841,dJ402H5.2","6p12.3","Solute carrier family 65"
"HGNC:24776","PTCHD3","patched domain containing 3 (gene/pseudogene)","","PTR,SLC65C3,FLJ44037","10p12.1","Solute carrier family 65"
"HGNC:26001","SLC66A1","solute carrier family 66 member 1","PQLC2","FLJ20320,LAAT-1,LAAT1","1p36.13","Solute carrier family 66"
"HGNC:25146","SLC66A1LP","solute carrier family 66 member 1 like, pseudogene","C3orf55,PQLC2L,SLC66A1L","","3q25.32","Solute carrier family 66"
"HGNC:26188","SLC66A2","solute carrier family 66 member 2","PQLC1","FLJ22378","18q23","Solute carrier family 66"
"HGNC:28503","SLC66A3","solute carrier family 66 member 3","C2orf22,PQLC3","MGC33602","2p25.1","Solute carrier family 66"
"HGNC:2518","CTNS","cystinosin, lysosomal cystine transporter","","CTNS-LSB,PQLC4,SLC66A4","17p13.2","Solute carrier family 66"
"HGNC:7207","MPDU1","mannose-P-dolichol utilization defect 1","","SL15,Lec35,PQLC5,CDGIf,SLC66A5","17p13.1","Solute carrier family 66"
"HGNC:10964","SLC67A1","solute carrier family 67 member 1","IMPT1,ORCTL2,BWSCR1A,SLC22A18,SLC22A1L","BWR1A,TSSC5,ITM","11p15.4","Solute carrier family 67"
"HGNC:28158","MFSD9","major facilitator superfamily domain containing 9","","SLC67A2,MGC11332","2q12.1","Solute carrier family 67"
"HGNC:26196","MFSD13A","major facilitator superfamily domain containing 13A","C10orf77,TMEM180","SLC68A1,FLJ22529,bA18I14.8","10q24.32","Solute carrier family 68"
"HGNC:30650","STRA6","signaling receptor and transporter of retinol STRA6","","SLC69A1,FLJ12541","15q24.1","Solute carrier family 69"
"HGNC:23363","MFSD14A","major facilitator superfamily domain containing 14A","HIAT1","SLC71A1,DKFZP564L0864","1p21.2","Solute carrier family 71"
"HGNC:23376","MFSD14B","major facilitator superfamily domain containing 14B","HIATL1","SLC71A2,FLJ14753","9q22.32","Solute carrier family 71"
"HGNC:23672","MFSD14CP","major facilitator superfamily domain containing 14C, pseudogene","HIATL2,MFSD14C","MGC12945,SLC71A3P","9q22.33","Solute carrier family 71"
"HGNC:25874","MFSD1","major facilitator superfamily domain containing 1","","Minerva,SLC72A1,FLJ14153,UG0581B09","3q25.32","Solute carrier family 72"
"HGNC:24711","MFSD6","major facilitator superfamily domain containing 6","","SLC73A1,FLJ20160","2q32.2","Solute carrier family 73"
"HGNC:26656","MFSD6L","major facilitator superfamily domain containing 6 like","","SLC73A2,FLJ35773","17p13.1","Solute carrier family 73"
"HGNC:28486","MFSD8","major facilitator superfamily domain containing 8","CLN7","SLC74A1,MGC33302","4q28.2","Solute carrier family 74"
"HGNC:16894","MFSD10","major facilitator superfamily domain containing 10","","IT10C3,TETRAN,SLC75A1","4p16.3","Solute carrier family 75"
"HGNC:30220","RFT1","RFT1 glycolipid translocator homolog","","CDG1N,SLC76A1","3p21.1","Solute carrier family 76"
"HGNC:10956","SLCO1A2","solute carrier organic anion transporter family member 1A2","SLC21A3","OATP,OATP1A2,OATP-A","12p12.1","Solute carrier organic anion transporter family"
"HGNC:10959","SLCO1B1","solute carrier organic anion transporter family member 1B1","SLC21A6","OATP-C,LST-1,OATP1B1","12p12.1","Solute carrier organic anion transporter family"
"HGNC:10961","SLCO1B3","solute carrier organic anion transporter family member 1B3","SLC21A8","OATP8,OATP1B3","12p12.2","Solute carrier organic anion transporter family"
"HGNC:32934","SLCO1B7","solute carrier organic anion transporter family member 1B7 (putative)","","LST3,SLC21A21","12p12.2","Solute carrier organic anion transporter family"
"HGNC:13819","SLCO1C1","solute carrier organic anion transporter family member 1C1","SLC21A14","OATP-F,OATP1C1,OATP1","12p12.2","Solute carrier organic anion transporter family"
"HGNC:10955","SLCO2A1","solute carrier organic anion transporter family member 2A1","SLC21A2,MATR1","PGT,OATP2A1","3q22.1-q22.2","Solute carrier organic anion transporter family"
"HGNC:10962","SLCO2B1","solute carrier organic anion transporter family member 2B1","SLC21A9","OATP-B,OATP2B1","11q13.4","Solute carrier organic anion transporter family"
"HGNC:10952","SLCO3A1","solute carrier organic anion transporter family member 3A1","SLC21A11","OATP-D,OATP3A1","15q26.1","Solute carrier organic anion transporter family"
"HGNC:10953","SLCO4A1","solute carrier organic anion transporter family member 4A1","SLC21A12","OATP-E,OATP4A1","20q13.33","Solute carrier organic anion transporter family"
"HGNC:23612","SLCO4C1","solute carrier organic anion transporter family member 4C1","","SLC21A20,OATP4C1,OATPX,OATP-H","5q21.1","Solute carrier organic anion transporter family"
"HGNC:19046","SLCO5A1","solute carrier organic anion transporter family member 5A1","SLC21A15","OATPRP4,OATP-J,OATP5A1","8q13.3","Solute carrier organic anion transporter family"
"HGNC:23613","SLCO6A1","solute carrier organic anion transporter family member 6A1","","OATP6A1,OATPY,MGC26949,CT48","5q21.1","Solute carrier organic anion transporter family"
